{
    "id" : 6861,
	"mozs" : [166.061096,167.080704,169.097260,175.118652,183.111954,185.127808,186.224915,201.123062,207.123230,208.106598,212.255463,230.669037,234.122452,234.144760,235.118378,236.121384,238.116821,244.129593,248.112808,249.097580,251.150207,262.153351,266.095520,266.124084,267.127319,270.142364,279.143951,280.163879,282.127777,304.135437,320.172485,322.185242,331.137726,336.093384,338.179382,344.171753,348.165344,349.183014,361.197815,366.175598,367.177856,368.191376,379.207947,383.202240,384.203095,389.191894,406.195862,407.202148,408.208252,421.698883,422.201752,430.702515,431.202332,435.697113,436.196442,447.165588,447.217102,451.228180,456.239136,459.195129,460.209442,461.712982,466.241058,467.244873,470.225861,470.729889,476.223083,477.211212,479.229340,479.294067,479.729462,480.232117,490.234589,494.234650,495.237976,496.236694,504.249970,504.736664,505.229462,505.730865,508.251495,509.254211,513.740662,514.242004,514.741821,518.238220,519.213135,519.281921,540.266052,545.215515,549.256531,549.765015,551.932678,553.722229,554.237793,557.206482,557.603760,558.272156,562.726135,575.216187,584.591919,584.925659,586.297485,588.779236,589.278809,590.270386,590.597656,591.612183,591.947144,592.286194,597.627258,597.784058,597.935059,598.285278,598.785828,599.290527,603.293701,603.622986,603.959290,604.301697,606.789978,609.297424,609.623169,614.299927,618.284485,619.285889,623.289123,623.785706,624.277039,624.605591,630.280823,632.293274,632.797485,635.313049,635.951538,636.294678,636.620422,637.304260,637.767395,638.275757,640.988831,641.311829,641.954712,642.283508,643.322571,644.643188,646.297058,646.775513,647.274170,650.318359,650.649109,660.308228,661.315979,663.276978,667.650391,667.977356,668.610718,668.944641,672.279724,672.780273,673.324890,673.651062,673.984131,674.324951,677.309753,677.633667,679.327637,679.661377,679.836365,679.994141,680.328796,681.283020,684.273254,685.340027,685.664368,685.992493,687.843323,688.836853,689.338989,697.846313,700.969055,702.282593,705.331055,705.975769,706.320190,706.644714,706.982605,709.960449,711.987122,712.320557,712.655640,712.986755,714.421814,714.835938,715.334534,723.340942,723.847351,724.342285,725.347656,728.337097,728.846130,729.339172,732.357178,737.344971,737.845276,738.346863,738.642090,738.845886,738.970886,739.316101,744.647461,744.982849,745.309631,746.347839,746.853149,747.343323,749.363281,755.373901,762.867493,763.362060,763.857544,771.873840,772.373718,772.872559,773.381226,777.330566,777.838562,778.406860,780.880859,781.382873,781.880981,782.380859,786.334106,786.832642,787.333984,787.841309,795.336548,803.307922,811.857727,812.359253,812.853394,818.388672,818.882568,819.372253,820.862427,821.362793,821.858154,822.369263,825.381836,826.892822,827.392029,827.893555,828.395630,829.869019,830.369629,835.316589,835.913574,836.410706,836.899292,837.402954,842.410217,843.408386,845.399353,860.406311,861.410767,867.371521,869.853943,870.352173,875.885071,876.384705,876.879761,877.386719,884.890320,885.395996,885.894348,894.442810,925.377014,939.446960,940.393250,941.404968,957.449829,958.455017,958.961975,959.456360,1008.459839,1010.496948,1011.494202,1018.477173,1026.467529,1027.476685,1036.471558,1062.486694,1079.516357,1080.519287,1091.496582,1097.512573,1098.517090,1107.471558,1108.473999,1141.534790,1160.481567,1176.556030,1177.514282,1178.500366,1194.563354,1195.551514,1196.555542,1263.583496,1274.543213,1275.496826,1292.540894,1368.618286,1445.669434,1474.658081,1554.737305],
	"intensities" : [1.834e+04,9748,4287,9.737e+04,5303,4825,3696,2.619e+04,5268,4628,3585,3710,6157,5922,5.471e+04,5844,5720,3838,1.971e+04,4.858e+04,4.975e+04,4123,9931,2.609e+05,2.409e+04,4108,8924,6529,3671,3.18e+04,5777,7506,5428,7173,6479,5436,1.194e+05,2.675e+04,6512,4.537e+05,5.837e+04,4459,5.317e+04,1.909e+05,3.287e+04,8020,2.232e+04,5.773e+04,5492,1.909e+04,8230,4.733e+04,2.099e+04,1.991e+04,8028,3.226e+04,3734,6799,5534,7716,5699,4349,4.871e+04,7233,3.997e+04,7287,2.506e+04,2.882e+04,1.526e+05,8158,5.03e+04,1.609e+04,4387,4.489e+05,1.07e+05,7632,4509,2.665e+04,3.977e+04,1.817e+04,7.242e+04,7085,1.628e+05,9.47e+04,8798,5240,3.382e+04,7404,9802,4438,1.991e+04,8594,7677,2.033e+04,6307,5066,6161,6590,1.708e+04,4856,2.208e+04,8400,1.86e+04,3.245e+04,2.975e+04,5199,8837,9607,7557,5210,5471,1.941e+05,4833,1.257e+05,2.631e+04,8835,5.968e+04,5.718e+04,2.55e+04,1.862e+04,6789,9040,7393,7937,5301,6132,7652,2.371e+04,2.179e+04,1.589e+04,7418,6.05e+04,3.195e+04,1.627e+04,7.073e+04,1.06e+05,7661,2.111e+04,5.127e+04,1.947e+04,5192,8786,5043,7708,4770,9848,2.487e+04,8.07e+04,4.207e+04,5922,1.938e+04,1.765e+04,7812,5287,9880,2.383e+04,2.323e+04,2.416e+04,1.673e+04,9636,2.695e+04,7.687e+04,6.327e+04,2.094e+04,4899,4269,1.267e+05,1.627e+05,8337,7.239e+04,2.308e+04,2.234e+04,1.784e+04,3.446e+04,2.808e+04,5523,8654,3.098e+04,2.466e+04,6219,6247,6807,4.404e+04,9419,6.028e+04,2.437e+04,1.729e+04,5519,1.17e+05,1.488e+05,5.009e+04,9579,8.99e+04,2.664e+04,2.518e+04,2.634e+05,2.839e+04,7.755e+04,7407,4.663e+04,3.935e+04,1.013e+04,8422,3.005e+05,1.758e+05,6.115e+04,5652,1.001e+04,6903,1.009e+04,3.117e+04,4.144e+04,8999,3.881e+04,3.019e+04,8267,9885,4878,3.134e+04,4.231e+04,1.941e+04,3.188e+05,2.371e+05,8.614e+04,4.284e+04,9918,8835,9.553e+04,8.518e+04,5.199e+04,1.026e+04,6522,1.349e+05,8.918e+04,2.117e+04,5625,6854,9290,2.807e+04,1.979e+04,6607,1.06e+04,1.818e+04,9075,2.178e+05,1.798e+05,4.295e+04,8314,1.71e+04,2.181e+04,8.174e+04,4.274e+04,2.125e+04,3.743e+04,2.265e+04,2.255e+04,5.034e+04,3.698e+04,2.22e+04,8861,6.833e+04,2.029e+04,6225,7.091e+04,2.462e+04,1.021e+04,4.724e+04,5.375e+04,3.151e+04,6.187e+04,4.863e+04,5819,1.979e+04,2.201e+04,5551,3.475e+04,1.547e+04,3.044e+04,5.096e+04,7129,1.334e+05,5.012e+04,1.795e+04,2.056e+04,7594,9213,5588,5319,4.474e+04,2.167e+04,5685,6731,2.971e+04,2.176e+04,5397,2.948e+04,8633,6054,7897,7048,6526,7460,5.011e+04,2.033e+04,5.811e+04,3.443e+04,4992,7782,8820,7467,2.044e+04,5007,4890,5233,5732],
	"intensityRanks" : [155,181,305,24,279,297,312,109,282,299,314,311,254,257,50,259,263,309,148,64,61,307,175,5,118,308,191,244,313,90,261,223,276,232,248,275,20,105,247,0,46,301,52,9,86,210,126,48,273,152,207,65,137,144,209,88,310,239,270,215,264,304,62,231,76,230,112,100,14,208,57,166,303,1,22,220,300,106,77,157,35,234,12,26,197,283,85,228,180,302,145,201,217,142,249,288,253,243,163,295,128,203,154,87,97,286,193,183,222,285,274,8,296,19,108,194,45,49,110,153,240,189,229,211,280,255,219,120,131,167,226,43,89,165,38,23,218,136,54,149,287,198,289,216,298,179,113,32,74,258,151,160,213,281,178,119,121,117,164,182,104,34,40,138,292,306,18,13,204,36,122,125,159,83,102,271,199,94,114,252,250,238,69,185,44,116,161,272,21,15,60,184,27,107,111,4,101,33,227,67,78,172,202,3,11,42,266,174,236,173,93,75,190,79,96,206,177,294,92,73,150,2,6,29,71,176,195,25,30,53,170,246,16,28,135,267,237,186,103,146,242,169,156,188,7,10,70,205,162,130,31,72,134,80,123,124,56,81,127,192,39,143,251,37,115,171,66,51,91,41,63,260,147,129,269,82,168,95,55,233,17,58,158,139,221,187,268,278,68,133,265,241,98,132,277,99,200,256,212,235,245,225,59,141,47,84,291,214,196,224,140,290,293,284,262],