{
    "id" : 8395,
    "mozs" : [171.076096,181.061035,199.070877,209.091705,217.082138,226.118317,226.153931,227.067001,227.102524,227.123077,240.134140,241.080597,241.760742,244.129028,244.152237,245.076981,245.132675,258.145111,259.094238,259.148499,276.155670,277.159027,282.108917,289.144867,296.557098,310.103577,328.113403,329.117126,332.108612,337.150818,337.186676,338.153961,340.185852,346.124878,353.146851,355.162994,370.123413,371.120911,371.181580,373.170319,379.122742,387.186188,388.134186,397.133911,405.198181,406.199951,407.118012,415.144623,423.258545,425.129486,442.191711,443.140350,444.144257,460.206451,461.151276,462.155945,469.228272,470.229553,498.213623,500.165710,516.226868,517.202087,534.241211,535.220337,553.224853,566.245178,571.237366,572.232971,583.308411,584.254761,589.245178,590.254028,611.200378,629.204956,645.270813,646.277344,663.283875,664.285156,668.284546,682.268127,683.326721,684.325256,686.299194,696.247925,700.274902,712.349915,758.245911,760.301514,769.347778,778.309204,779.310059,785.337707,793.837341,794.337647,797.328674,798.333313,811.424560,815.342102,829.327332,842.825684,843.302124,847.331848,848.328796,848.888184,857.322205,857.886963,858.390198,868.333313,882.413818,886.342468,887.340088,892.406921,898.383728,900.453430,904.352966,905.355408,906.392090,906.871033,907.381592,910.415344,911.411865,915.400879,915.899780,922.356140,924.402771,925.397522,926.445557,928.426269,929.431457,945.301331,950.366699,964.400147,964.879761,970.917358,971.401001,979.931213,980.417297,985.415039,1002.330750,1003.424072,1004.422607,1014.906799,1021.439270,1023.444763,1023.940186,1039.454956,1040.461914,1043.453003,1053.446899,1055.482544,1057.467529,1058.466675,1064.442993,1069.948486,1070.459473,1072.442017,1073.431274,1078.953125,1079.451782,1087.958618,1088.457886,1097.465210,1100.440918,1101.399536,1102.406494,1118.446777,1119.442993,1127.940430,1128.441772,1136.465332,1154.484375,1155.488892,1172.496460,1173.500488,1182.487915,1216.425537,1217.409058,1225.561279,1229.471436,1230.478516,1235.536133,1247.489380,1248.492065,1253.550293,1254.557495,1271.559204,1272.562378,1310.572754,1311.547363,1327.463257,1328.544189,1345.468384,1346.467407,1360.578125,1361.587402,1397.599609,1440.575195,1441.554932,1458.564819,1459.574463,1489.613525,1490.614136,1494.625732,1495.617554,1512.638550,1513.629028,1550.655762,1568.642700,1569.658325,1586.671631,1587.667725,1592.599487,1604.673096,1605.675293,1623.670288,1641.670532,1642.695923,1666.627930,1684.649536,1685.651855,1714.762573,1753.720947,1770.714355,1771.741699,1881.755615,1882.767090,1899.759644,1900.759277,2010.786743,2011.800415,2028.757202,2029.798340],
    "intensities" : [904.4,1137,5795,2198,3290,1.596e+04,794.1,1215,3118,666,2489,657.9,719.1,1.725e+04,982.5,6101,860.8,1.08e+04,727.5,531.6,1.361e+04,706.3,927.9,594.8,580.5,3923,8554,724.5,1160,7816,1097,896,3277,2501,642.4,4108,724.5,611.2,477.1,2816,1274,7723,1024,2428,7813,630.3,684.7,901.1,917.4,2831,734.8,8905,831.5,972,1.071e+04,686.2,2865,1038,591.5,1870,2861,1346,1.108e+04,3395,5666,820.4,6686,640,1131,2961,1.006e+04,1285,831.8,2498,3641,716.5,1.852e+04,3299,737.6,680.8,1365,802.5,2554,664.6,936.2,2463,2401,788.9,599.2,7184,3957,787.5,3391,2259,5663,735.2,1005,5121,638.3,655.5,1153,6621,1175,706.8,775,1.539e+04,1.271e+04,690.1,2466,4014,1116,1082,662.6,1675,3.572e+04,9880,749.9,3906,5528,9403,2380,5840,3280,2343,3943,966.1,876.8,7048,1992,2390,700.4,1348,870.9,1290,2194,1103,2748,2386,4354,2.605e+04,7967,810.6,1062,2800,3562,7430,1283,786.3,818.7,729.2,5891,2447,942.4,6767,8880,789.2,969.1,5.533e+04,6.155e+04,7.112e+04,8.723e+04,2252,1061,1.217e+04,3194,1.672e+04,9244,1.681e+04,1.593e+04,3806,9055,3535,1.401e+04,6515,2663,4241,2192,879.3,7067,2359,2627,1.755e+04,6920,7293,2370,8688,4141,817.4,3758,3132,847.5,2465,819.7,1.068e+04,4619,2553,2843,2028,3529,1347,4606,2984,2998,2960,4679,3754,1265,8378,5940,8.635e+04,5.229e+04,1035,2744,1204,891.7,1138,862.2,922.2,1.562e+04,9962,2169,996.2,2961,1010,3370,2858,4014,2308,2843,1023,2646,2340],
    "intensityRanks" : [175,151,54,128,83,13,193,145,88,216,111,219,207,10,166,50,183,22,204,230,18,210,172,227,229,70,34,205,148,37,155,177,85,109,221,65,206,225,231,100,143,39,161,116,38,224,214,176,174,99,202,31,186,167,23,213,94,159,228,134,95,139,21,79,55,187,47,222,152,92,25,141,185,110,75,208,8,82,200,215,136,192,107,217,171,114,117,195,226,42,68,196,80,126,56,201,164,58,223,220,149,48,147,209,198,16,19,212,112,67,153,156,218,135,6,27,199,71,57,28,120,53,84,123,69,169,180,44,133,118,211,137,181,140,129,154,102,119,62,7,36,191,157,101,76,40,142,197,189,203,52,115,170,46,32,194,168,4,3,2,0,127,158,20,86,12,29,11,14,72,30,77,17,49,104,63,130,179,43,122,106,9,45,41,121,33,64,190,73,87,184,113,188,24,60,108,98,132,78,138,61,90,89,93,59,74,144,35,51,1,5,160,103,146,178,150,182,173,15,26,131,165,91,163,81,96,66,125,97,162,105,124],
    "linkedTo" : [-1,-1,-1,-1,-1,-1,-1,-1,-1,-1,-1,-1,-1,-1,-1,-1,-1,-1,-1,-1,-1,-1,-1,-1,-1,-1,-1,-1,-1,-1,-1,-1,-1,-1,-1,-1,-1,-1,-1,-1,-1,-1,-1,-1,-1,-1,-1,-1,-1,-1,-1,-1,-1,-1,-1,-1,-1,-1,-1,-1,-1,-1,-1,-1,-1,-1,-1,-1,-1,-1,-1,-1,-1,-1,-1,-1,-1,-1,-1,-1,-1,-1,-1,-1,-1,-1,-1,-1,-1,-1,-1,-1,-1,-1,-1,-1,-1,-1,-1,-1,-1,-1,-1,-1,-1,-1,-1,-1,-1,-1,-1,-1,-1,-1,-1,-1,-1,-1,-1,-1,-1,-1,-1,-1,-1,-1,-1,-1,-1,-1,-1,-1,-1,-1,-1,-1,-1,-1,-1,-1,-1,-1,-1,-1,-1,-1,-1,-1,-1,-1,-1,-1,-1,-1,-1,-1,-1,-1,-1,-1,-1,-1,-1,-1,-1,-1,-1,-1,-1,-1,-1,-1,-1,-1,-1,-1,-1,-1,-1,-1,-1,-1,-1,-1,-1,-1,-1,-1,-1,-1,-1,-1,-1,-1,-1,-1,-1,-1,-1,-1,-1,-1,-1,-1,-1,-1,-1,-1,-1,-1,-1,-1,-1,-1,-1,-1,-1,-1,-1,-1,-1,-1,-1,-1,-1,-1,-1,-1,-1,-1,-1,-1],
    "size" : 232,
    "precMoz" : 1136.94764,
    "precIntensity" : 111094.4062,
    "retentionTime" : 1947.88602,
    "scanNumber" : 5787,
    "precCharge" : 2
}