{
    "id" : 10873,
	"mozs" : [127.039917,129.205246,135.811874,141.127029,147.227508,148.074448,155.154755,161.123581,167.102051,170.103882,170.905731,172.172821,173.039276,185.167511,186.111542,187.199677,189.066956,195.142548,196.645172,198.151596,201.146179,201.993149,206.043167,213.234039,216.036011,218.144745,221.032593,222.050018,223.129929,226.000366,228.285950,241.066101,247.075256,250.172592,254.017960,257.175537,258.235474,262.205261,263.958618,265.518982,266.373718,267.155090,269.033630,270.292358,271.246338,276.119141,277.057221,280.961182,282.046082,283.091644,284.113922,285.065430,286.963989,287.826050,292.118408,295.402069,296.235840,297.150147,299.087647,301.308106,306.040283,309.159607,310.929718,312.189484,313.263916,315.103210,316.922730,318.247925,321.206299,324.321777,326.277893,330.400818,331.240601,334.645630,335.958435,337.361450,340.102173,341.194885,342.911835,346.159088,347.455505,350.160461,352.267059,354.666748,355.273560,358.001038,358.955353,361.108246,366.191040,369.106262,369.908875,371.230102,372.182373,373.178894,373.834839,375.217377,385.111877,388.286682,391.304626,394.072327,395.133850,397.213013,401.232788,403.266296,404.029541,409.114502,411.074158,413.446350,419.641541,420.318298,421.153565,422.205810,423.116150,424.067139,425.109497,427.319885,428.892090,430.017517,431.131897,432.295044,433.863525,434.816773,436.090393,441.442322,444.752136,455.551331,456.177734,457.568787,458.295349,459.260986,460.027893,461.670532,462.322876,464.219055,465.181580,467.271240,467.921326,469.139404,473.350586,474.393677,477.119019,479.464477,481.700317,482.329712,483.516663,484.468750,485.322510,486.375244,487.176269,488.080017,488.809326,490.853699,491.512634,494.731873,498.240356,499.393433,500.229553,501.390747,502.301392,503.534363,504.674866,506.251282,511.507751,514.606506,516.178284,519.042541,521.189575,522.238281,523.013611,524.181397,527.291870,528.526794,532.452637,533.462707,534.176697,536.586243,537.311279,538.458069,540.060486,543.255676,545.733582,547.261963,551.311768,552.366516,554.480774,557.479858,558.305481,560.213806,562.067261,563.228760,564.523682,566.366089,567.295776,568.254639,570.516357,572.310242,573.292603,574.202881,575.274231,577.372315,578.423340,579.331543,580.284912,582.647705,583.711426,584.374695,585.213379,586.083313,590.708252,591.390259,593.251099,595.270630,596.378540,598.346741,599.185913,602.369873,603.334961,604.471924,605.187805,606.327209,608.346069,609.266968,611.334961,612.761719,613.785584,615.573731,616.236938,617.166626,618.540222,619.343140,620.244019,621.212280,624.350830,626.481812,627.861206,630.297485,631.486511,632.187500,636.463745,638.392944,640.317688,641.901489,644.383484,645.233765,646.521790,647.146118,648.385681,649.314392,650.209168,652.341431,654.368347,655.108276,663.215210,664.580994,665.314392,666.375549,667.415772,668.107971,674.201904,674.948547,675.996094,677.585632,680.305237,689.381775,690.217957,691.445373,692.400635,693.425537,694.277222,703.528809,705.253784,706.842468,708.595215,709.337219,710.334351,711.254639,712.162903,713.270325,714.275391,715.882202,717.756592,718.669739,719.500549,722.215393,723.399048,726.011414,728.273010,729.296753,731.364258,733.349609,734.358887,735.305969,737.364746,738.477356,741.421448,742.400024,743.369568,744.218567,746.320190,749.394409,751.336487,752.214844,754.550903,757.396484,758.314392,760.181397,761.417297,763.219543,765.640198,766.394165,769.455688,772.511414,774.140625,776.276611,777.394775,780.549988,783.359253,784.194946,787.428528,788.369568,789.358582,792.622253,793.640198,794.394226,795.405396,796.292603,799.921936,801.374817,802.388550,806.373535,813.039734,816.577271,819.270691,820.765259,822.875916,828.327332,829.214356,831.202515,834.505127,835.485535,836.581360,838.443420,839.467896,840.630920,841.568787,842.421509,843.591858,846.328308,847.281860,848.434387,849.351196,850.341980,851.250061,851.955261,853.603638,854.597534,856.154541,857.301880,860.332275,864.266907,865.441711,866.237366,868.151245,868.949097,872.506653,876.391724,878.067444,879.026672,879.731628,883.335815,885.685791,886.414246,887.497375,890.412964,891.382568,892.467163,894.301819,895.973144,900.464722,901.752197,904.035339,905.404785,908.627502,909.416565,910.610779,911.584473,913.236694,917.338379,918.242676,919.196167,920.610046,921.569214,922.614502,924.379150,925.585998,929.337158,933.552185,936.429443,941.223084,942.458496,943.566894,944.467102,945.240051,946.490173,947.386353,951.489746,952.452576,954.351562,957.485107,959.255554,960.378967,961.653809,962.468933,972.350769,974.596252,979.416565,980.616150,981.959900,982.615295,984.615723,987.607788,992.972168,994.192688,995.288269,1001.552124,1013.190247,1013.800171,1015.397583,1020.716980,1024.653931,1025.628174,1026.427734,1028.526245,1030.524170,1031.408569,1032.408691,1033.862793,1042.296265,1048.389648,1050.321411,1059.399170,1061.619629,1064.232056,1067.241821,1068.609375,1070.510742,1071.772461,1084.693726,1089.547729,1100.445190,1108.421021,1110.498657,1125.522095,1132.584595,1133.362427,1134.320679,1135.517090,1139.678711,1140.926025,1145.498291,1150.631836,1160.465698,1161.669800,1174.848022,1175.708862,1177.698364,1187.080933,1189.554321,1192.615356,1198.730469,1204.520264,1211.299927,1222.500610,1236.347290,1241.959595,1243.465576,1245.493530,1254.715088,1255.795288,1256.494385,1257.279785,1258.326538,1260.460327,1273.748169,1287.422241,1291.654785,1293.710693,1299.381836,1327.635620,1331.715332,1345.745972,1348.583862,1350.586060,1351.429810,1386.802490,1454.796631,1512.515503,1597.878418],